field	occupation	n	count	expected	diff
ENVIRONMENTAL SCIENCE	BUS-HUMAN RESOURCES WORKERS	20	812	1040.75193109714	0.780205134132207
ENVIRONMENTAL SCIENCE	BUS-MANAGEMENT ANALYSTS	82	2802	1268.04179939431	2.20970633723461
ENVIRONMENTAL SCIENCE	BUS-MARKET RESEARCH ANALYSTS AND MARKETING SPECIALISTS	9	502	547.022221328752	0.917695809103714
ENVIRONMENTAL SCIENCE	CMM-COMPUTER OCCUPATIONS, ALL OTHER	10	304	496.812640348244	0.611900695173355
ENVIRONMENTAL SCIENCE	CMM-COMPUTER PROGRAMMERS	11	289	924.781818253331	0.312506143931165
ENVIRONMENTAL SCIENCE	CMM-COMPUTER SUPPORT SPECIALISTS	10	451	630.404135348477	0.715414088695174
ENVIRONMENTAL SCIENCE	CMM-COMPUTER SYSTEMS ANALYSTS	22	555	959.04453516079	0.578700967110928
ENVIRONMENTAL SCIENCE	CMM-SOFTWARE DEVELOPERS, APPLICATIONS AND SYSTEMS SOFTWARE	12	452	2321.29744788532	0.194718690795859
ENVIRONMENTAL SCIENCE	CMS-CLERGY	8	243	673.101101284397	0.361015603059202
ENVIRONMENTAL SCIENCE	CMS-COUNSELORS	19	530	1304.0698997075	0.406419932028857
ENVIRONMENTAL SCIENCE	CMS-SOCIAL WORKERS	19	493	1664.49693639314	0.296185585699125
ENVIRONMENTAL SCIENCE	EDU-ELEMENTARY AND MIDDLE SCHOOL TEACHERS	129	4303	8730.54786389518	0.492867122096069
ENVIRONMENTAL SCIENCE	EDU-OTHER TEACHERS AND INSTRUCTORS	25	738	714.649269930561	1.03267439155393
ENVIRONMENTAL SCIENCE	EDU-POSTSECONDARY TEACHERS	103	3422	2376.50137640519	1.43993184013059
ENVIRONMENTAL SCIENCE	EDU-PRESCHOOL AND KINDERGARTEN TEACHERS	4	110	594.8628135479	0.184916584958361
ENVIRONMENTAL SCIENCE	EDU-SECONDARY SCHOOL TEACHERS	46	1304	1985.7188316733	0.656689144102623
ENVIRONMENTAL SCIENCE	EDU-SPECIAL EDUCATION TEACHERS	4	96	573.317996579855	0.167446339680057
ENVIRONMENTAL SCIENCE	EDU-TEACHER ASSISTANTS	9	367	446.706905450425	0.821567778608539
ENVIRONMENTAL SCIENCE	ENG-CIVIL ENGINEERS	20	519	701.428365528119	0.739918750803919
ENVIRONMENTAL SCIENCE	ENG-MECHANICAL ENGINEERS	3	63	447.459789549926	0.140794774125666
ENVIRONMENTAL SCIENCE	ENG-MISCELLANEOUS ENGINEERS, INCLUDING NUCLEAR ENGINEERS	26	959	982.844759237254	0.975739038120568
ENVIRONMENTAL SCIENCE	ENT-DESIGNERS	20	689	1065.56140928975	0.646607500978526
ENVIRONMENTAL SCIENCE	FIN-ACCOUNTANTS AND AUDITORS	25	628	2249.21528573828	0.279208488392371
ENVIRONMENTAL SCIENCE	FIN-CREDIT COUNSELORS AND LOAN OFFICERS	10	311	437.0849168512	0.711532217218734
ENVIRONMENTAL SCIENCE	FIN-PERSONAL FINANCIAL ADVISORS	9	328	670.7191317627	0.489027350596055
ENVIRONMENTAL SCIENCE	HLS-NURSING, PSYCHIATRIC, AND HOME HEALTH AIDES	2	47	447.420847268917	0.105046513337255
ENVIRONMENTAL SCIENCE	LGL-LAWYERS, AND JUDGES, MAGISTRATES, AND OTHER JUDICIAL	66	2227	2515.23000730849	0.885406103429515
ENVIRONMENTAL SCIENCE	MED-CLINICAL LABORATORY TECHNOLOGISTS AND TECHNICIANS	10	241	450.059186807254	0.535485125211348
ENVIRONMENTAL SCIENCE	MED-PHARMACISTS	4	114	600.084324393146	0.189973301027795
ENVIRONMENTAL SCIENCE	MED-PHYSICAL THERAPISTS	1	9	459.103531571517	0.0196034214095302
ENVIRONMENTAL SCIENCE	MED-PHYSICIANS AND SURGEONS	30	850	2028.87012422099	0.418952396140373
ENVIRONMENTAL SCIENCE	MED-REGISTERED NURSES	22	989	3867.19566746657	0.255740874018899
ENVIRONMENTAL SCIENCE	MGR-CHIEF EXECUTIVES AND LEGISLATORS	47	1719	1605.25923659879	1.07085507487389
ENVIRONMENTAL SCIENCE	MGR-COMPUTER AND INFORMATION SYSTEMS MANAGERS	20	528	1096.72496966693	0.481433371723404
ENVIRONMENTAL SCIENCE	MGR-CONSTRUCTION MANAGERS	35	930	597.569302078003	1.55630484492091
ENVIRONMENTAL SCIENCE	MGR-EDUCATION ADMINISTRATORS	40	1348	1719.22706716074	0.784073276734871
ENVIRONMENTAL SCIENCE	MGR-FINANCIAL MANAGERS	18	457	1560.58594990168	0.292838725113982
ENVIRONMENTAL SCIENCE	MGR-FOOD SERVICE MANAGERS	7	362	568.628696908395	0.636619294749237
ENVIRONMENTAL SCIENCE	MGR-GENERAL AND OPERATIONS MANAGERS	53	1474	1309.32710764367	1.12576910032259
ENVIRONMENTAL SCIENCE	MGR-HUMAN RESOURCES MANAGERS	12	326	541.216576268377	0.602346665447187
ENVIRONMENTAL SCIENCE	MGR-MARKETING AND SALES MANAGERS	34	1019	1583.9058858457	0.643346305551432
ENVIRONMENTAL SCIENCE	MGR-MEDICAL AND HEALTH SERVICES MANAGERS	9	211	953.125308447473	0.22137697753897
ENVIRONMENTAL SCIENCE	MGR-MISCELLANEOUS MANAGERS, INCLUDING FUNERAL SERVICE	276	8463	4571.33376671487	1.85131964365005
ENVIRONMENTAL SCIENCE	MGR-PROPERTY, REAL ESTATE, AND COMMUNITY ASSOCIATION	10	285	451.091157253984	0.631801345286697
ENVIRONMENTAL SCIENCE	MGR-SOCIAL AND COMMUNITY SERVICE MANAGERS	37	1156	564.718242857107	2.04703852694999
ENVIRONMENTAL SCIENCE	OFF-CUSTOMER SERVICE REPRESENTATIVES	30	1230	1301.86966083051	0.944795041321831
ENVIRONMENTAL SCIENCE	OFF-FIRST-LINE SUPERVISORS OF OFFICE AND ADMINISTRATIVE	49	1634	1140.08719957009	1.43322370483255
ENVIRONMENTAL SCIENCE	OFF-MISCELLANEOUS OFFICE AND ADMINISTRATIVE SUPPORT	22	664	443.088518506703	1.49857189312378
ENVIRONMENTAL SCIENCE	OFF-OFFICE CLERKS, GENERAL	10	325	511.753495495236	0.635071382727909
ENVIRONMENTAL SCIENCE	OFF-SECRETARIES AND ADMINISTRATIVE ASSISTANTS	31	1260	1567.38786831786	0.8038852574202
ENVIRONMENTAL SCIENCE	PRT-POLICE OFFICERS	16	533	702.775119413002	0.758421841178999
ENVIRONMENTAL SCIENCE	SAL-FIRST-LINE SUPERVISORS OF NON-RETAIL SALES WORKERS	20	669	1162.36542949713	0.575550496447084
ENVIRONMENTAL SCIENCE	SAL-FIRST-LINE SUPERVISORS OF RETAIL SALES WORKERS	42	1463	1928.85985621056	0.758479158187371
ENVIRONMENTAL SCIENCE	SAL-INSURANCE SALES AGENTS	10	328	615.745611738798	0.532687515342195
ENVIRONMENTAL SCIENCE	SAL-REAL ESTATE BROKERS AND SALES AGENTS	18	402	669.596295993617	0.600361743942252
ENVIRONMENTAL SCIENCE	SAL-RETAIL SALESPERSONS	27	978	1462.10092123076	0.668900474514951
ENVIRONMENTAL SCIENCE	SAL-SALES REPRESENTATIVES, SERVICES, ALL OTHER	26	785	770.687212302034	1.01857146124848
ENVIRONMENTAL SCIENCE	SAL-SALES REPRESENTATIVES, WHOLESALE AND MANUFACTURING	39	1140	1732.43823599293	0.658032116998747
ENVIRONMENTAL SCIENCE	SAL-SECURITIES, COMMODITIES, AND FINANCIAL SERVICES SALES	9	247	541.398306913084	0.456226029609017
ARCHITECTURE	BUS-HUMAN RESOURCES WORKERS	20	1215	2492.97392360044	0.487369718751511
ARCHITECTURE	BUS-MANAGEMENT ANALYSTS	69	2239	3037.41462828028	0.737140059560349
ARCHITECTURE	BUS-MARKET RESEARCH ANALYSTS AND MARKETING SPECIALISTS	16	743	1310.3142955161	0.567039528258641
ARCHITECTURE	CMM-COMPUTER OCCUPATIONS, ALL OTHER	12	486	1190.04435187318	0.408388140521836
ARCHITECTURE	CMM-COMPUTER PROGRAMMERS	22	756	2215.18393484506	0.341280914919997
ARCHITECTURE	CMM-COMPUTER SUPPORT SPECIALISTS	18	624	1510.04386712682	0.413233028247909
ARCHITECTURE	CMM-COMPUTER SYSTEMS ANALYSTS	27	1048	2297.25542301607	0.456196550675275
ARCHITECTURE	CMM-SOFTWARE DEVELOPERS, APPLICATIONS AND SYSTEMS SOFTWARE	52	2015	5560.33943688952	0.362387948230585
ARCHITECTURE	CMS-CLERGY	20	531	1612.31840490538	0.329339414835472
ARCHITECTURE	CMS-COUNSELORS	10	274	3123.71484249458	0.087716073270371
ARCHITECTURE	CMS-SOCIAL WORKERS	11	421	3987.06678734339	0.105591409036946
ARCHITECTURE	EDU-ELEMENTARY AND MIDDLE SCHOOL TEACHERS	80	2447	20912.7915241934	0.117009725706352
ARCHITECTURE	EDU-OTHER TEACHERS AND INSTRUCTORS	12	446	1711.84116139842	0.260538191309559
ARCHITECTURE	EDU-POSTSECONDARY TEACHERS	128	4371	5692.57263307035	0.767842640181203
ARCHITECTURE	EDU-PRESCHOOL AND KINDERGARTEN TEACHERS	5	138	1424.90966193181	0.0968482449707777
ARCHITECTURE	EDU-SECONDARY SCHOOL TEACHERS	22	719	4756.50836577868	0.151161302516135
ARCHITECTURE	EDU-SPECIAL EDUCATION TEACHERS	2	30	1373.30210273808	0.0218451569688754
ARCHITECTURE	EDU-TEACHER ASSISTANTS	7	198	1070.02315682104	0.185042724297896
ARCHITECTURE	ENG-CIVIL ENGINEERS	61	2025	1680.17235643454	1.20523349419771
ARCHITECTURE	ENG-ELECTRICAL AND ELECTRONICS ENGINEERS	11	356	1208.48284116487	0.294584240564681
ARCHITECTURE	ENG-MECHANICAL ENGINEERS	3	210	1071.82658410421	0.195927217251763
ARCHITECTURE	ENG-MISCELLANEOUS ENGINEERS, INCLUDING NUCLEAR ENGINEERS	34	1181	2354.26549066584	0.501642658690116
ARCHITECTURE	ENT-DESIGNERS	600	21684	2552.40151661687	8.49552856744165
ARCHITECTURE	FIN-ACCOUNTANTS AND AUDITORS	46	1484	5387.67682131322	0.275443395960465
ARCHITECTURE	FIN-CREDIT COUNSELORS AND LOAN OFFICERS	11	309	1046.97504520643	0.295135974266775
ARCHITECTURE	FIN-PERSONAL FINANCIAL ADVISORS	20	948	1606.61273410433	0.590061300944748
ARCHITECTURE	HLS-NURSING, PSYCHIATRIC, AND HOME HEALTH AIDES	11	659	1071.73330338266	0.6148917813042
ARCHITECTURE	LGL-LAWYERS, AND JUDGES, MAGISTRATES, AND OTHER JUDICIAL	55	2042	6024.87743017422	0.338928056822054
ARCHITECTURE	MED-CLINICAL LABORATORY TECHNOLOGISTS AND TECHNICIANS	9	416	1078.05307226721	0.385880816725588
ARCHITECTURE	MED-PHARMACISTS	2	78	1437.41705201205	0.054264000758039
ARCHITECTURE	MED-PHYSICAL THERAPISTS	3	106	1099.7175198456	0.0963883889154396
ARCHITECTURE	MED-PHYSICIANS AND SURGEONS	15	597	4859.87117864191	0.122842762298657
ARCHITECTURE	MED-REGISTERED NURSES	19	635	9263.31978677337	0.068549938317652
ARCHITECTURE	MGR-CHIEF EXECUTIVES AND LEGISLATORS	150	4735	3845.1712630894	1.23141459145195
ARCHITECTURE	MGR-COMPUTER AND INFORMATION SYSTEMS MANAGERS	41	1203	2627.04941403174	0.457928196391918
ARCHITECTURE	MGR-CONSTRUCTION MANAGERS	307	10405	1431.39267207906	7.26914438152533
ARCHITECTURE	MGR-EDUCATION ADMINISTRATORS	52	1675	4118.16506807878	0.406734546165588
ARCHITECTURE	MGR-FINANCIAL MANAGERS	41	1367	3738.16272869252	0.365687665094807
ARCHITECTURE	MGR-FOOD SERVICE MANAGERS	19	818	1362.0695491856	0.600556704677154
ARCHITECTURE	MGR-GENERAL AND OPERATIONS MANAGERS	72	2755	3136.3077399029	0.87842145238123
ARCHITECTURE	MGR-HUMAN RESOURCES MANAGERS	13	301	1296.40769461271	0.232180047411645
ARCHITECTURE	MGR-MARKETING AND SALES MANAGERS	63	1940	3794.02233410992	0.511330674719163
ARCHITECTURE	MGR-MEDICAL AND HEALTH SERVICES MANAGERS	9	283	2283.07675334152	0.123955534821946
ARCHITECTURE	MGR-MISCELLANEOUS MANAGERS, INCLUDING FUNERAL SERVICE	708	22683	10949.9829267486	2.07151007921574
ARCHITECTURE	MGR-PROPERTY, REAL ESTATE, AND COMMUNITY ASSOCIATION	74	1878	1080.5250113881	1.73804398806782
ARCHITECTURE	MGR-SOCIAL AND COMMUNITY SERVICE MANAGERS	36	1132	1352.70261006398	0.836843214153671
ARCHITECTURE	OFF-CUSTOMER SERVICE REPRESENTATIVES	36	1551	3118.4444817274	0.497363351853183
ARCHITECTURE	OFF-FIRST-LINE SUPERVISORS OF OFFICE AND ADMINISTRATIVE	67	2414	2730.91749747	0.883952005960048
ARCHITECTURE	OFF-MISCELLANEOUS OFFICE AND ADMINISTRATIVE SUPPORT	20	556	1061.35582311099	0.523858246116068
ARCHITECTURE	OFF-OFFICE CLERKS, GENERAL	18	874	1225.83305537188	0.712984526049391
ARCHITECTURE	OFF-SECRETARIES AND ADMINISTRATIVE ASSISTANTS	56	1964	3754.45576138872	0.52311177033913
ARCHITECTURE	PRT-POLICE OFFICERS	14	363	1683.39831472124	0.215635240231372
ARCHITECTURE	SAL-FIRST-LINE SUPERVISORS OF NON-RETAIL SALES WORKERS	51	1938	2784.28184358612	0.696050223674152
ARCHITECTURE	SAL-FIRST-LINE SUPERVISORS OF RETAIL SALES WORKERS	93	3313	4620.31073893227	0.717051338578499
ARCHITECTURE	SAL-INSURANCE SALES AGENTS	22	495	1474.9314488593	0.335608817876131
ARCHITECTURE	SAL-REAL ESTATE BROKERS AND SALES AGENTS	74	2174	1603.9231399665	1.35542654496861
ARCHITECTURE	SAL-RETAIL SALESPERSONS	88	3598	3502.25578390999	1.02733787078884
ARCHITECTURE	SAL-SALES REPRESENTATIVES, SERVICES, ALL OTHER	29	957	1846.07211969896	0.518397948697724
ARCHITECTURE	SAL-SALES REPRESENTATIVES, WHOLESALE AND MANUFACTURING	63	1844	4149.81055286228	0.444357634284805
ARCHITECTURE	SAL-SECURITIES, COMMODITIES, AND FINANCIAL SERVICES SALES	14	517	1296.84300464658	0.398660437807501
COMMUNICATIONS	BUS-HUMAN RESOURCES WORKERS	480	17974	8043.67580607873	2.2345505255715
COMMUNICATIONS	BUS-MANAGEMENT ANALYSTS	266	9041	9800.33458322025	0.922519524535381
COMMUNICATIONS	BUS-MARKET RESEARCH ANALYSTS AND MARKETING SPECIALISTS	380	12969	4227.77923885383	3.06756792805387
COMMUNICATIONS	CMM-COMPUTER OCCUPATIONS, ALL OTHER	61	2161	3839.72366124801	0.56280091763104
COMMUNICATIONS	CMM-COMPUTER PROGRAMMERS	77	2872	7147.37577238423	0.401825801729458
COMMUNICATIONS	CMM-COMPUTER SUPPORT SPECIALISTS	124	4484	4872.21434814828	0.920320757584111
COMMUNICATIONS	CMM-COMPUTER SYSTEMS ANALYSTS	97	3859	7412.18257101157	0.52062937778843
COMMUNICATIONS	CMM-SOFTWARE DEVELOPERS, APPLICATIONS AND SYSTEMS SOFTWARE	116	4887	17940.6480664264	0.272398186615421
COMMUNICATIONS	CMS-CLERGY	201	6005	5202.20705979252	1.15431775993928
COMMUNICATIONS	CMS-COUNSELORS	258	9262	10078.7855283198	0.918959925675099
COMMUNICATIONS	CMS-SOCIAL WORKERS	187	6579	12864.4236311371	0.511410397281707
COMMUNICATIONS	EDU-ELEMENTARY AND MIDDLE SCHOOL TEACHERS	1014	31555	67475.9224828873	0.467648293478355
COMMUNICATIONS	EDU-OTHER TEACHERS AND INSTRUCTORS	161	5573	5523.3210437692	1.00899439953555
COMMUNICATIONS	EDU-POSTSECONDARY TEACHERS	367	11979	18367.3035363496	0.652191541142284
COMMUNICATIONS	EDU-PRESCHOOL AND KINDERGARTEN TEACHERS	57	2060	4597.52557578925	0.44806711045786
COMMUNICATIONS	EDU-SECONDARY SCHOOL TEACHERS	225	7428	15347.0563414353	0.484001611432496
COMMUNICATIONS	EDU-SPECIAL EDUCATION TEACHERS	70	2393	4431.01181029514	0.540057238042119
COMMUNICATIONS	EDU-TEACHER ASSISTANTS	124	4565	3452.4706804935	1.32224149673227
COMMUNICATIONS	ENG-CIVIL ENGINEERS	8	274	5421.14043213748	0.0505428707169583
COMMUNICATIONS	ENG-ELECTRICAL AND ELECTRONICS ENGINEERS	10	324	3899.21615285097	0.0830936237692548
COMMUNICATIONS	ENG-MECHANICAL ENGINEERS	7	365	3458.28950766546	0.10554350617291
COMMUNICATIONS	ENG-MISCELLANEOUS ENGINEERS, INCLUDING NUCLEAR ENGINEERS	38	1558	7596.12773686996	0.205104502447715
COMMUNICATIONS	ENT-DESIGNERS	260	9554	8235.42121008574	1.16011066784288
COMMUNICATIONS	FIN-ACCOUNTANTS AND AUDITORS	277	10102	17383.5455270145	0.581124258241865
COMMUNICATIONS	FIN-CREDIT COUNSELORS AND LOAN OFFICERS	103	3694	3378.10506598981	1.09351246566916
COMMUNICATIONS	FIN-PERSONAL FINANCIAL ADVISORS	122	4588	5183.79749451572	0.885065438002535
COMMUNICATIONS	HLS-NURSING, PSYCHIATRIC, AND HOME HEALTH AIDES	48	1677	3457.98853384622	0.484964014075177
COMMUNICATIONS	LGL-LAWYERS, AND JUDGES, MAGISTRATES, AND OTHER JUDICIAL	473	15065	19439.4976862379	0.774968584227627
COMMUNICATIONS	MED-CLINICAL LABORATORY TECHNOLOGISTS AND TECHNICIANS	15	628	3478.37951009968	0.180543841802358
COMMUNICATIONS	MED-PHARMACISTS	15	565	4637.88114871892	0.121822871669764
COMMUNICATIONS	MED-PHYSICAL THERAPISTS	19	646	3548.280679618	0.182060005486811
COMMUNICATIONS	MED-PHYSICIANS AND SURGEONS	51	1751	15680.560414304	0.111666927312286
COMMUNICATIONS	MED-REGISTERED NURSES	156	5513	29888.4559310703	0.184452486027189
COMMUNICATIONS	MGR-CHIEF EXECUTIVES AND LEGISLATORS	387	14106	12406.592289771	1.13697618737985
COMMUNICATIONS	MGR-COMPUTER AND INFORMATION SYSTEMS MANAGERS	188	6785	8476.27550893196	0.80046949781779
COMMUNICATIONS	MGR-CONSTRUCTION MANAGERS	73	2847	4618.44325622638	0.616441480830537
COMMUNICATIONS	MGR-EDUCATION ADMINISTRATORS	403	13678	13287.4172529263	1.02939493354043
COMMUNICATIONS	MGR-FINANCIAL MANAGERS	295	10359	12061.3251568004	0.858860851965295
COMMUNICATIONS	MGR-FOOD SERVICE MANAGERS	144	6232	4394.76954622841	1.41804932760315
COMMUNICATIONS	MGR-GENERAL AND OPERATIONS MANAGERS	341	11670	10119.4169939171	1.15322849201836
COMMUNICATIONS	MGR-HUMAN RESOURCES MANAGERS	184	6014	4182.90905863558	1.43775537925792
COMMUNICATIONS	MGR-MARKETING AND SALES MANAGERS	921	34081	12241.5583122215	2.78404097997679
COMMUNICATIONS	MGR-MEDICAL AND HEALTH SERVICES MANAGERS	124	4612	7366.4345504872	0.626083075657676
COMMUNICATIONS	MGR-MISCELLANEOUS MANAGERS, INCLUDING FUNERAL SERVICE	1057	38435	35330.5391247965	1.08786904904671
COMMUNICATIONS	MGR-PROPERTY, REAL ESTATE, AND COMMUNITY ASSOCIATION	145	4806	3486.35531630952	1.37851697947052
COMMUNICATIONS	MGR-SOCIAL AND COMMUNITY SERVICE MANAGERS	158	5692	4364.54675854647	1.30414458015696
COMMUNICATIONS	OFF-CUSTOMER SERVICE REPRESENTATIVES	578	21601	10061.7805075328	2.1468367337002
COMMUNICATIONS	OFF-FIRST-LINE SUPERVISORS OF OFFICE AND ADMINISTRATIVE	295	10278	8811.40985665487	1.16644216614637
COMMUNICATIONS	OFF-MISCELLANEOUS OFFICE AND ADMINISTRATIVE SUPPORT	169	6782	3424.50519645586	1.9804320948378
COMMUNICATIONS	OFF-OFFICE CLERKS, GENERAL	171	6228	3955.19728322948	1.57463700392582
COMMUNICATIONS	OFF-SECRETARIES AND ADMINISTRATIVE ASSISTANTS	587	21496	12113.8952505608	1.77449115708713
COMMUNICATIONS	PRT-POLICE OFFICERS	101	4009	5431.54911005284	0.738095139852469
COMMUNICATIONS	SAL-FIRST-LINE SUPERVISORS OF NON-RETAIL SALES WORKERS	311	11271	8983.59196241133	1.25462065142312
COMMUNICATIONS	SAL-FIRST-LINE SUPERVISORS OF RETAIL SALES WORKERS	549	19836	14907.6094841944	1.33059562775849
COMMUNICATIONS	SAL-INSURANCE SALES AGENTS	220	7416	4758.9227863563	1.55833585307613
COMMUNICATIONS	SAL-REAL ESTATE BROKERS AND SALES AGENTS	239	8839	5175.11941606099	1.70797991106604
COMMUNICATIONS	SAL-RETAIL SALESPERSONS	521	19076	11300.1623679443	1.68811733662463
COMMUNICATIONS	SAL-SALES REPRESENTATIVES, SERVICES, ALL OTHER	401	14088	5956.42236965449	2.36517814313715
COMMUNICATIONS	SAL-SALES REPRESENTATIVES, WHOLESALE AND MANUFACTURING	719	26696	13389.5226211032	1.99379774435905
COMMUNICATIONS	SAL-SECURITIES, COMMODITIES, AND FINANCIAL SERVICES SALES	125	4717	4184.31360312536	1.12730556248862
JOURNALISM	BUS-HUMAN RESOURCES WORKERS	83	2792	3106.10981908542	0.898873562951515
JOURNALISM	BUS-MANAGEMENT ANALYSTS	105	3745	3784.45330383134	0.989574900080971
JOURNALISM	BUS-MARKET RESEARCH ANALYSTS AND MARKETING SPECIALISTS	162	5383	1632.58029330388	3.29723445889839
JOURNALISM	CMM-COMPUTER OCCUPATIONS, ALL OTHER	22	802	1482.73048968035	0.540893982812007
JOURNALISM	CMM-COMPUTER PROGRAMMERS	30	977	2759.99861288773	0.353985685151408
JOURNALISM	CMM-COMPUTER SUPPORT SPECIALISTS	29	1042	1881.43246847859	0.553833325116689
JOURNALISM	CMM-COMPUTER SYSTEMS ANALYSTS	42	1355	2862.25522009154	0.473402927345055
JOURNALISM	CMM-SOFTWARE DEVELOPERS, APPLICATIONS AND SYSTEMS SOFTWARE	31	914	6927.8802954453	0.13193068601386
JOURNALISM	CMS-CLERGY	28	923	2008.86097586451	0.459464348747573
JOURNALISM	CMS-COUNSELORS	78	2678	3891.97867352036	0.68808187933304
JOURNALISM	CMS-SOCIAL WORKERS	55	1627	4967.66820554259	0.327517847948199
JOURNALISM	EDU-ELEMENTARY AND MIDDLE SCHOOL TEACHERS	404	13668	26056.1999798095	0.524558454824229
JOURNALISM	EDU-OTHER TEACHERS AND INSTRUCTORS	56	2155	2132.86091354497	1.01037999539231
JOURNALISM	EDU-POSTSECONDARY TEACHERS	168	5460	7092.6356605849	0.769812557882007
JOURNALISM	EDU-PRESCHOOL AND KINDERGARTEN TEACHERS	13	425	1775.35988256307	0.239388083607269
JOURNALISM	EDU-SECONDARY SCHOOL TEACHERS	79	2364	5926.35053244746	0.398896418134031
JOURNALISM	EDU-SPECIAL EDUCATION TEACHERS	11	644	1711.05967274814	0.376374950714413
JOURNALISM	EDU-TEACHER ASSISTANTS	34	1165	1333.19061326182	0.873843536258987
JOURNALISM	ENG-CIVIL ENGINEERS	4	197	2093.40330625682	0.0941051346442423
JOURNALISM	ENG-ELECTRICAL AND ELECTRONICS ENGINEERS	5	139	1505.7038437519	0.0923156307110442
JOURNALISM	ENG-MECHANICAL ENGINEERS	1	14	1335.43758549817	0.0104834551251435
JOURNALISM	ENG-MISCELLANEOUS ENGINEERS, INCLUDING NUCLEAR ENGINEERS	10	368	2933.28666139034	0.125456541579735
JOURNALISM	ENT-DESIGNERS	139	4872	3180.15336540794	1.53200158614836
JOURNALISM	FIN-ACCOUNTANTS AND AUDITORS	92	3150	6712.75207426601	0.469256121058877
JOURNALISM	FIN-CREDIT COUNSELORS AND LOAN OFFICERS	28	897	1304.47392067239	0.687633524737424
JOURNALISM	FIN-PERSONAL FINANCIAL ADVISORS	41	1333	2001.75202059953	0.665916650155677
JOURNALISM	HLS-NURSING, PSYCHIATRIC, AND HOME HEALTH AIDES	18	560	1335.32136279629	0.419374703050739
JOURNALISM	LGL-LAWYERS, AND JUDGES, MAGISTRATES, AND OTHER JUDICIAL	331	10557	7506.66935080611	1.40634940832532
JOURNALISM	MED-CLINICAL LABORATORY TECHNOLOGISTS AND TECHNICIANS	5	132	1343.19545084863	0.0982731142490113
JOURNALISM	MED-PHARMACISTS	7	183	1790.94340984011	0.102180783041234
JOURNALISM	MED-PHYSICAL THERAPISTS	9	241	1370.18817336019	0.175888250012392
JOURNALISM	MED-PHYSICIANS AND SURGEONS	19	516	6055.1349713553	0.0852169278539642
JOURNALISM	MED-REGISTERED NURSES	49	1755	11541.5922624133	0.152058741991379
JOURNALISM	MGR-CHIEF EXECUTIVES AND LEGISLATORS	139	4575	4790.87410553328	0.954940559743793
JOURNALISM	MGR-COMPUTER AND INFORMATION SYSTEMS MANAGERS	62	2305	3273.16058258715	0.704212317679231
JOURNALISM	MGR-CONSTRUCTION MANAGERS	17	527	1783.43736034371	0.295496781506492
JOURNALISM	MGR-EDUCATION ADMINISTRATORS	123	3858	5131.00952780933	0.751898818174123
JOURNALISM	MGR-FINANCIAL MANAGERS	84	3263	4657.54729602698	0.700583331227454
JOURNALISM	MGR-FOOD SERVICE MANAGERS	31	981	1697.06452239679	0.57805698431225
JOURNALISM	MGR-GENERAL AND OPERATIONS MANAGERS	122	4319	3907.66873827412	1.10526257195167
JOURNALISM	MGR-HUMAN RESOURCES MANAGERS	43	1338	1615.25342549865	0.828352987140045
JOURNALISM	MGR-MARKETING AND SALES MANAGERS	409	14595	4727.14532400259	3.08748705606581
JOURNALISM	MGR-MEDICAL AND HEALTH SERVICES MANAGERS	42	1130	2844.58936940583	0.397245385275426
JOURNALISM	MGR-MISCELLANEOUS MANAGERS, INCLUDING FUNERAL SERVICE	419	13882	13643.0827316759	1.01751197093963
JOURNALISM	MGR-PROPERTY, REAL ESTATE, AND COMMUNITY ASSOCIATION	40	1291	1346.27535244845	0.958942015578078
JOURNALISM	MGR-SOCIAL AND COMMUNITY SERVICE MANAGERS	87	2510	1685.39382608304	1.48926616506801
JOURNALISM	OFF-CUSTOMER SERVICE REPRESENTATIVES	151	5110	3885.41209086416	1.3151758115993
JOURNALISM	OFF-FIRST-LINE SUPERVISORS OF OFFICE AND ADMINISTRATIVE	93	3164	3402.57456113018	0.929884104861193
JOURNALISM	OFF-MISCELLANEOUS OFFICE AND ADMINISTRATIVE SUPPORT	64	2029	1322.39158721217	1.53434127955811
JOURNALISM	OFF-OFFICE CLERKS, GENERAL	44	1677	1527.32126630152	1.09800081816508
JOURNALISM	OFF-SECRETARIES AND ADMINISTRATIVE ASSISTANTS	185	5902	4677.84752795529	1.26169140074127
JOURNALISM	PRT-POLICE OFFICERS	18	773	2097.42267469683	0.368547555686044
JOURNALISM	SAL-FIRST-LINE SUPERVISORS OF NON-RETAIL SALES WORKERS	83	2673	3469.06363183051	0.770524926517288
JOURNALISM	SAL-FIRST-LINE SUPERVISORS OF RETAIL SALES WORKERS	159	5472	5756.65570247797	0.950551897283794
JOURNALISM	SAL-INSURANCE SALES AGENTS	73	2702	1837.68430644605	1.47032871234857
JOURNALISM	SAL-REAL ESTATE BROKERS AND SALES AGENTS	78	2951	1998.40093269534	1.47668065587812
JOURNALISM	SAL-RETAIL SALESPERSONS	171	6212	4363.62008297326	1.42358864472163
JOURNALISM	SAL-SALES REPRESENTATIVES, SERVICES, ALL OTHER	81	2694	2300.10538154983	1.17125068338597
JOURNALISM	SAL-SALES REPRESENTATIVES, WHOLESALE AND MANUFACTURING	164	5743	5170.43807942201	1.11073760323264
JOURNALISM	SAL-SECURITIES, COMMODITIES, AND FINANCIAL SERVICES SALES	31	1072	1615.79579810743	0.663450171894015
MASS MEDIA	BUS-HUMAN RESOURCES WORKERS	58	1835	1685.25474522191	1.08885615376705
MASS MEDIA	BUS-MANAGEMENT ANALYSTS	54	2021	2053.29761657636	0.984270367668274
MASS MEDIA	BUS-MARKET RESEARCH ANALYSTS AND MARKETING SPECIALISTS	67	2296	885.774762160941	2.59208107758531
MASS MEDIA	CMM-COMPUTER OCCUPATIONS, ALL OTHER	31	1255	804.472069295595	1.56002930107802
MASS MEDIA	CMM-COMPUTER PROGRAMMERS	20	679	1497.46822555826	0.453431991685076
MASS MEDIA	CMM-COMPUTER SUPPORT SPECIALISTS	35	1013	1020.79230291082	0.992366416862075
MASS MEDIA	CMM-COMPUTER SYSTEMS ANALYSTS	31	1012	1552.94869552157	0.651663511433718
MASS MEDIA	CMM-SOFTWARE DEVELOPERS, APPLICATIONS AND SYSTEMS SOFTWARE	49	1722	3758.79921260038	0.458125029458198
MASS MEDIA	CMS-CLERGY	30	742	1089.93006984654	0.680777620994047
MASS MEDIA	CMS-COUNSELORS	41	1345	2111.63671276244	0.636946683049697
MASS MEDIA	CMS-SOCIAL WORKERS	28	961	2695.26414186595	0.356551324626273
MASS MEDIA	EDU-ELEMENTARY AND MIDDLE SCHOOL TEACHERS	177	5670	14137.0837529996	0.4010728166477
MASS MEDIA	EDU-OTHER TEACHERS AND INSTRUCTORS	31	916	1157.2076278064	0.791560630944308
MASS MEDIA	EDU-POSTSECONDARY TEACHERS	83	2703	3848.18908516581	0.702408312112224
MASS MEDIA	EDU-PRESCHOOL AND KINDERGARTEN TEACHERS	9	238	963.24143086705	0.24708239530952
MASS MEDIA	EDU-SECONDARY SCHOOL TEACHERS	39	1119	3215.40799854792	0.348011823229071
MASS MEDIA	EDU-SPECIAL EDUCATION TEACHERS	16	490	928.354630328462	0.527815539441681
MASS MEDIA	EDU-TEACHER ASSISTANTS	14	582	723.337530913943	0.804603625730077
MASS MEDIA	ENG-CIVIL ENGINEERS	2	57	1135.79946010129	0.050184915561517
MASS MEDIA	ENG-ELECTRICAL AND ELECTRONICS ENGINEERS	3	52	816.936520399305	0.0636524365131617
MASS MEDIA	ENG-MECHANICAL ENGINEERS	1	49	724.556650920714	0.0676275622309648
MASS MEDIA	ENG-MISCELLANEOUS ENGINEERS, INCLUDING NUCLEAR ENGINEERS	14	695	1591.48760125286	0.436698344022837
MASS MEDIA	ENT-DESIGNERS	125	4466	1725.42790234159	2.58834344450972
MASS MEDIA	FIN-ACCOUNTANTS AND AUDITORS	52	1710	3642.07898160729	0.46951205853459
MASS MEDIA	FIN-CREDIT COUNSELORS AND LOAN OFFICERS	14	579	707.756967034305	0.818077429073101
MASS MEDIA	FIN-PERSONAL FINANCIAL ADVISORS	17	539	1086.07302637684	0.496283386945089
MASS MEDIA	HLS-NURSING, PSYCHIATRIC, AND HOME HEALTH AIDES	6	175	724.493592989329	0.241548029814775
MASS MEDIA	LGL-LAWYERS, AND JUDGES, MAGISTRATES, AND OTHER JUDICIAL	60	2043	4072.8277108962	0.501617093827534
MASS MEDIA	MED-CLINICAL LABORATORY TECHNOLOGISTS AND TECHNICIANS	1	65	728.765767840643	0.0891918952129121
MASS MEDIA	MED-PHARMACISTS	1	45	971.696448500216	0.0463107589509627
MASS MEDIA	MED-PHYSICAL THERAPISTS	2	78	743.41097240474	0.104921776642185
MASS MEDIA	MED-PHYSICIANS AND SURGEONS	3	112	3285.28144134978	0.034091447566813
MASS MEDIA	MED-REGISTERED NURSES	22	767	6262.02042443421	0.122484429627088
MASS MEDIA	MGR-CHIEF EXECUTIVES AND LEGISLATORS	53	1691	2599.34251857459	0.650549124602209
MASS MEDIA	MGR-COMPUTER AND INFORMATION SYSTEMS MANAGERS	42	1342	1775.8900119322	0.755677429898873
MASS MEDIA	MGR-CONSTRUCTION MANAGERS	6	267	967.623957098287	0.275933639345475
MASS MEDIA	MGR-EDUCATION ADMINISTRATORS	75	2475	2783.88680959954	0.889044767001869
MASS MEDIA	MGR-FINANCIAL MANAGERS	44	1459	2527.0045616211	0.577363421561865
MASS MEDIA	MGR-FOOD SERVICE MANAGERS	30	1195	920.761404424221	1.29783893444933
MASS MEDIA	MGR-GENERAL AND OPERATIONS MANAGERS	69	2092	2120.14953349937	0.986722854659732
MASS MEDIA	MGR-HUMAN RESOURCES MANAGERS	26	871	876.373875557004	0.99386805596688
MASS MEDIA	MGR-MARKETING AND SALES MANAGERS	149	5004	2564.76575286531	1.95105537198071
MASS MEDIA	MGR-MEDICAL AND HEALTH SERVICES MANAGERS	15	538	1543.3638899511	0.348589210556848
MASS MEDIA	MGR-MISCELLANEOUS MANAGERS, INCLUDING FUNERAL SERVICE	200	6769	7402.20766559436	0.914456916882038
MASS MEDIA	MGR-PROPERTY, REAL ESTATE, AND COMMUNITY ASSOCIATION	30	1154	730.436803022337	1.5798765823752
MASS MEDIA	MGR-SOCIAL AND COMMUNITY SERVICE MANAGERS	32	969	914.429337147674	1.05967728793845
MASS MEDIA	OFF-CUSTOMER SERVICE REPRESENTATIVES	109	4066	2108.0739396392	1.92877485155758
MASS MEDIA	OFF-FIRST-LINE SUPERVISORS OF OFFICE AND ADMINISTRATIVE	79	2434	1846.10501852906	1.31845153746419
MASS MEDIA	OFF-MISCELLANEOUS OFFICE AND ADMINISTRATIVE SUPPORT	46	1457	717.478398122781	2.03072316018449
MASS MEDIA	OFF-OFFICE CLERKS, GENERAL	37	1380	828.66529563686	1.66532857990562
MASS MEDIA	OFF-SECRETARIES AND ADMINISTRATIVE ASSISTANTS	124	4237	2538.01868030296	1.66941245660738
MASS MEDIA	PRT-POLICE OFFICERS	12	280	1137.98021356168	0.246049972278207
MASS MEDIA	SAL-FIRST-LINE SUPERVISORS OF NON-RETAIL SALES WORKERS	53	1928	1882.17941010873	1.02434443265354
MASS MEDIA	SAL-FIRST-LINE SUPERVISORS OF RETAIL SALES WORKERS	99	3785	3123.33816389863	1.2118444437907
MASS MEDIA	SAL-INSURANCE SALES AGENTS	34	1310	997.056246572098	1.3138677025532
MASS MEDIA	SAL-REAL ESTATE BROKERS AND SALES AGENTS	33	1031	1084.25485602191	0.950883451684687
MASS MEDIA	SAL-RETAIL SALESPERSONS	84	2684	2367.53105314918	1.13367045236001
MASS MEDIA	SAL-SALES REPRESENTATIVES, SERVICES, ALL OTHER	57	1841	1247.94799106899	1.4752217345396
MASS MEDIA	SAL-SALES REPRESENTATIVES, WHOLESALE AND MANUFACTURING	89	2979	2805.2792128218	1.06192638022775
MASS MEDIA	SAL-SECURITIES, COMMODITIES, AND FINANCIAL SERVICES SALES	15	474	876.668145903466	0.540683498328219
ADVERTISING AND PUBLIC RELATIONS	BUS-HUMAN RESOURCES WORKERS	83	2622	1441.79438416192	1.81856721652034
ADVERTISING AND PUBLIC RELATIONS	BUS-MANAGEMENT ANALYSTS	56	1965	1756.66793461722	1.11859501803235
ADVERTISING AND PUBLIC RELATIONS	BUS-MARKET RESEARCH ANALYSTS AND MARKETING SPECIALISTS	107	3688	757.811293121645	4.86664692579079
ADVERTISING AND PUBLIC RELATIONS	CMM-COMPUTER OCCUPATIONS, ALL OTHER	9	239	688.253995435436	0.34725552134106
ADVERTISING AND PUBLIC RELATIONS	CMM-COMPUTER PROGRAMMERS	5	275	1281.13644788256	0.214653170202531
ADVERTISING AND PUBLIC RELATIONS	CMM-COMPUTER SUPPORT SPECIALISTS	23	699	873.323522099763	0.800390671167735
ADVERTISING AND PUBLIC RELATIONS	CMM-COMPUTER SYSTEMS ANALYSTS	9	257	1328.6019306237	0.193436419198453
ADVERTISING AND PUBLIC RELATIONS	CMM-SOFTWARE DEVELOPERS, APPLICATIONS AND SYSTEMS SOFTWARE	19	630	3215.78420786814	0.195908667770233
ADVERTISING AND PUBLIC RELATIONS	CMS-CLERGY	13	420	932.473300128295	0.450415041312404
ADVERTISING AND PUBLIC RELATIONS	CMS-COUNSELORS	41	1353	1806.5790720857	0.748929300082038
ADVERTISING AND PUBLIC RELATIONS	CMS-SOCIAL WORKERS	24	767	2305.89275276814	0.332626050833996
ADVERTISING AND PUBLIC RELATIONS	EDU-ELEMENTARY AND MIDDLE SCHOOL TEACHERS	130	3723	12094.7696609616	0.307819008080555
ADVERTISING AND PUBLIC RELATIONS	EDU-OTHER TEACHERS AND INSTRUCTORS	19	538	990.031604308526	0.543416995637991
ADVERTISING AND PUBLIC RELATIONS	EDU-POSTSECONDARY TEACHERS	48	1418	3292.26037067451	0.43070712530233
ADVERTISING AND PUBLIC RELATIONS	EDU-PRESCHOOL AND KINDERGARTEN TEACHERS	16	512	824.086737956837	0.621293823110665
ADVERTISING AND PUBLIC RELATIONS	EDU-SECONDARY SCHOOL TEACHERS	23	821	2750.89401661068	0.298448429871369
ADVERTISING AND PUBLIC RELATIONS	EDU-SPECIAL EDUCATION TEACHERS	10	505	794.239859767932	0.635828073584163
ADVERTISING AND PUBLIC RELATIONS	EDU-TEACHER ASSISTANTS	15	313	618.840559792012	0.505784559604815
ADVERTISING AND PUBLIC RELATIONS	ENG-CIVIL ENGINEERS	2	88	971.71616798655	0.090561424106322
ADVERTISING AND PUBLIC RELATIONS	ENG-MECHANICAL ENGINEERS	1	31	619.883559602198	0.0500093921185679
ADVERTISING AND PUBLIC RELATIONS	ENG-MISCELLANEOUS ENGINEERS, INCLUDING NUCLEAR ENGINEERS	4	71	1361.57331255433	0.0521455578964038
ADVERTISING AND PUBLIC RELATIONS	ENT-DESIGNERS	109	3287	1476.16392532086	2.22671746925772
ADVERTISING AND PUBLIC RELATIONS	FIN-ACCOUNTANTS AND AUDITORS	52	1964	3115.92596742049	0.630310225767621
ADVERTISING AND PUBLIC RELATIONS	FIN-CREDIT COUNSELORS AND LOAN OFFICERS	16	649	605.510842390279	1.07182226075101
ADVERTISING AND PUBLIC RELATIONS	FIN-PERSONAL FINANCIAL ADVISORS	20	919	929.173464521931	0.989051059990004
ADVERTISING AND PUBLIC RELATIONS	HLS-NURSING, PSYCHIATRIC, AND HOME HEALTH AIDES	6	275	619.829611336154	0.443670316762034
ADVERTISING AND PUBLIC RELATIONS	LGL-LAWYERS, AND JUDGES, MAGISTRATES, AND OTHER JUDICIAL	61	1975	3484.44657276782	0.566804500730567
ADVERTISING AND PUBLIC RELATIONS	MED-CLINICAL LABORATORY TECHNOLOGISTS AND TECHNICIANS	2	39	623.484606360642	0.0625516646315422
ADVERTISING AND PUBLIC RELATIONS	MED-PHARMACISTS	1	18	831.320301295585	0.0216523041383058
ADVERTISING AND PUBLIC RELATIONS	MED-PHYSICAL THERAPISTS	3	65	636.014091149387	0.102198993551438
ADVERTISING AND PUBLIC RELATIONS	MED-PHYSICIANS AND SURGEONS	8	248	2810.67319107639	0.0882350892972458
ADVERTISING AND PUBLIC RELATIONS	MED-REGISTERED NURSES	22	793	5357.37751639894	0.148020182929545
ADVERTISING AND PUBLIC RELATIONS	MGR-CHIEF EXECUTIVES AND LEGISLATORS	71	2309	2223.82844873737	1.03829951510468
ADVERTISING AND PUBLIC RELATIONS	MGR-COMPUTER AND INFORMATION SYSTEMS MANAGERS	27	879	1519.33602522266	0.578542195674707
ADVERTISING AND PUBLIC RELATIONS	MGR-CONSTRUCTION MANAGERS	8	397	827.836142446903	0.479563502538745
ADVERTISING AND PUBLIC RELATIONS	MGR-EDUCATION ADMINISTRATORS	57	1708	2381.71254500431	0.717131042359653
ADVERTISING AND PUBLIC RELATIONS	MGR-FINANCIAL MANAGERS	67	2035	2161.9407962071	0.941283870293855
ADVERTISING AND PUBLIC RELATIONS	MGR-FOOD SERVICE MANAGERS	26	924	787.743589398453	1.17297051024636
ADVERTISING AND PUBLIC RELATIONS	MGR-GENERAL AND OPERATIONS MANAGERS	76	2750	1813.86208800165	1.51610203344053
ADVERTISING AND PUBLIC RELATIONS	MGR-HUMAN RESOURCES MANAGERS	29	949	749.768505792235	1.26572401036937
ADVERTISING AND PUBLIC RELATIONS	MGR-MARKETING AND SALES MANAGERS	251	8599	2194.24681618985	3.91888457422102
ADVERTISING AND PUBLIC RELATIONS	MGR-MEDICAL AND HEALTH SERVICES MANAGERS	16	612	1320.401794185	0.463495280523873
ADVERTISING AND PUBLIC RELATIONS	MGR-MISCELLANEOUS MANAGERS, INCLUDING FUNERAL SERVICE	172	5825	6332.84758456439	0.919807388732643
ADVERTISING AND PUBLIC RELATIONS	MGR-PROPERTY, REAL ESTATE, AND COMMUNITY ASSOCIATION	31	1113	624.914235410811	1.78104440086619
ADVERTISING AND PUBLIC RELATIONS	MGR-SOCIAL AND COMMUNITY SERVICE MANAGERS	35	1113	782.326284349857	1.42268005340629
ADVERTISING AND PUBLIC RELATIONS	OFF-CUSTOMER SERVICE REPRESENTATIVES	134	5218	1803.53099505421	2.89321337659804
ADVERTISING AND PUBLIC RELATIONS	OFF-FIRST-LINE SUPERVISORS OF OFFICE AND ADMINISTRATIVE	66	2093	1579.40741946278	1.32518055456009
ADVERTISING AND PUBLIC RELATIONS	OFF-MISCELLANEOUS OFFICE AND ADMINISTRATIVE SUPPORT	35	1196	613.827866738746	1.94842897301864
ADVERTISING AND PUBLIC RELATIONS	OFF-OFFICE CLERKS, GENERAL	22	655	708.952146841027	0.923898746789287
ADVERTISING AND PUBLIC RELATIONS	OFF-SECRETARIES AND ADMINISTRATIVE ASSISTANTS	110	3916	2171.36376000947	1.80347488160294
ADVERTISING AND PUBLIC RELATIONS	PRT-POLICE OFFICERS	8	222	973.581878853909	0.228023964724299
ADVERTISING AND PUBLIC RELATIONS	SAL-FIRST-LINE SUPERVISORS OF NON-RETAIL SALES WORKERS	47	1399	1610.27032332885	0.868798225820807
ADVERTISING AND PUBLIC RELATIONS	SAL-FIRST-LINE SUPERVISORS OF RETAIL SALES WORKERS	110	3950	2672.12505249744	1.47822423067672
ADVERTISING AND PUBLIC RELATIONS	SAL-INSURANCE SALES AGENTS	52	1718	853.016495622992	2.01402904728739
ADVERTISING AND PUBLIC RELATIONS	SAL-REAL ESTATE BROKERS AND SALES AGENTS	46	1503	927.617956184325	1.62027911380937
ADVERTISING AND PUBLIC RELATIONS	SAL-RETAIL SALESPERSONS	111	4482	2025.50563138154	2.21278081411353
ADVERTISING AND PUBLIC RELATIONS	SAL-SALES REPRESENTATIVES, SERVICES, ALL OTHER	71	2761	1067.663159146	2.58602160835863
ADVERTISING AND PUBLIC RELATIONS	SAL-SALES REPRESENTATIVES, WHOLESALE AND MANUFACTURING	134	5451	2400.01449425977	2.27123628337971
ADVERTISING AND PUBLIC RELATIONS	SAL-SECURITIES, COMMODITIES, AND FINANCIAL SERVICES SALES	23	978	750.020264367108	1.30396476797233
COMPUTER AND INFORMATION SYSTEMS	BUS-HUMAN RESOURCES WORKERS	32	1435	2505.27027895641	0.572792489518442
COMPUTER AND INFORMATION SYSTEMS	BUS-MANAGEMENT ANALYSTS	157	5513	3052.3963853212	1.80612191342897
COMPUTER AND INFORMATION SYSTEMS	BUS-MARKET RESEARCH ANALYSTS AND MARKETING SPECIALISTS	21	745	1316.77729541077	0.565775247337929
COMPUTER AND INFORMATION SYSTEMS	CMM-COMPUTER OCCUPATIONS, ALL OTHER	414	16167	1195.914131778	13.5185291070724
COMPUTER AND INFORMATION SYSTEMS	CMM-COMPUTER PROGRAMMERS	434	15021	2226.11011765981	6.74764463843809
COMPUTER AND INFORMATION SYSTEMS	CMM-COMPUTER SUPPORT SPECIALISTS	439	16288	1517.49201402379	10.733499649076
COMPUTER AND INFORMATION SYSTEMS	CMM-COMPUTER SYSTEMS ANALYSTS	381	15499	2308.58641559381	6.71363215832377
COMPUTER AND INFORMATION SYSTEMS	CMM-SOFTWARE DEVELOPERS, APPLICATIONS AND SYSTEMS SOFTWARE	813	31647	5587.76527916108	5.66362372414314
COMPUTER AND INFORMATION SYSTEMS	CMS-CLERGY	6	179	1620.27101117454	0.110475345646184
COMPUTER AND INFORMATION SYSTEMS	CMS-COUNSELORS	29	1040	3139.1222670851	0.3313028010743
COMPUTER AND INFORMATION SYSTEMS	CMS-SOCIAL WORKERS	17	832	4006.73261279829	0.207650492409309
COMPUTER AND INFORMATION SYSTEMS	EDU-ELEMENTARY AND MIDDLE SCHOOL TEACHERS	64	2200	21015.9418674971	0.104682436498479
COMPUTER AND INFORMATION SYSTEMS	EDU-OTHER TEACHERS AND INSTRUCTORS	30	1074	1720.28465414187	0.624315282598243
COMPUTER AND INFORMATION SYSTEMS	EDU-POSTSECONDARY TEACHERS	44	1391	5720.65070293029	0.243154157146404
COMPUTER AND INFORMATION SYSTEMS	EDU-PRESCHOOL AND KINDERGARTEN TEACHERS	1	38	1431.9378925071	0.0265374638095985
COMPUTER AND INFORMATION SYSTEMS	EDU-SECONDARY SCHOOL TEACHERS	17	462	4779.96938820075	0.0966533386469874
COMPUTER AND INFORMATION SYSTEMS	EDU-SPECIAL EDUCATION TEACHERS	2	55	1380.07578396535	0.0398528839061065
COMPUTER AND INFORMATION SYSTEMS	EDU-TEACHER ASSISTANTS	5	267	1075.30094366462	0.248302581312785
COMPUTER AND INFORMATION SYSTEMS	ENG-CIVIL ENGINEERS	9	368	1688.4596458275	0.217950130409926
COMPUTER AND INFORMATION SYSTEMS	ENG-ELECTRICAL AND ELECTRONICS ENGINEERS	18	598	1214.44356715396	0.492406577113672
COMPUTER AND INFORMATION SYSTEMS	ENG-MECHANICAL ENGINEERS	8	394	1077.11326618032	0.365792542317496
COMPUTER AND INFORMATION SYSTEMS	ENG-MISCELLANEOUS ENGINEERS, INCLUDING NUCLEAR ENGINEERS	45	1576	2365.87767994766	0.666137566349104
COMPUTER AND INFORMATION SYSTEMS	ENT-DESIGNERS	28	820	2564.99099288948	0.319689231764617
COMPUTER AND INFORMATION SYSTEMS	FIN-ACCOUNTANTS AND AUDITORS	90	3459	5414.25102175342	0.638869528971302
COMPUTER AND INFORMATION SYSTEMS	FIN-CREDIT COUNSELORS AND LOAN OFFICERS	15	658	1052.13914944467	0.625392563661661
COMPUTER AND INFORMATION SYSTEMS	FIN-PERSONAL FINANCIAL ADVISORS	18	677	1614.53719769817	0.419315207457092
COMPUTER AND INFORMATION SYSTEMS	HLS-NURSING, PSYCHIATRIC, AND HOME HEALTH AIDES	6	185	1077.01952536054	0.171770330661433
COMPUTER AND INFORMATION SYSTEMS	LGL-LAWYERS, AND JUDGES, MAGISTRATES, AND OTHER JUDICIAL	17	951	6054.59456165169	0.157070798104864
COMPUTER AND INFORMATION SYSTEMS	MED-CLINICAL LABORATORY TECHNOLOGISTS AND TECHNICIANS	6	197	1083.37046590045	0.181839921061779
COMPUTER AND INFORMATION SYSTEMS	MED-PHARMACISTS	1	56	1444.50697409223	0.0387675525313347
COMPUTER AND INFORMATION SYSTEMS	MED-PHYSICIANS AND SURGEONS	8	328	4883.8420282489	0.0671602394391131
COMPUTER AND INFORMATION SYSTEMS	MED-REGISTERED NURSES	14	522	9309.01022532781	0.0560747047607436
COMPUTER AND INFORMATION SYSTEMS	MGR-CHIEF EXECUTIVES AND LEGISLATORS	70	2747	3864.13720244716	0.710896082639179
COMPUTER AND INFORMATION SYSTEMS	MGR-COMPUTER AND INFORMATION SYSTEMS MANAGERS	511	18510	2640.00708391621	7.01134482281088
COMPUTER AND INFORMATION SYSTEMS	MGR-CONSTRUCTION MANAGERS	9	234	1438.45287948162	0.16267477603043
COMPUTER AND INFORMATION SYSTEMS	MGR-EDUCATION ADMINISTRATORS	39	1509	4138.47752326021	0.364626844417713
COMPUTER AND INFORMATION SYSTEMS	MGR-FINANCIAL MANAGERS	54	1995	3756.60085869271	0.531065203635783
COMPUTER AND INFORMATION SYSTEMS	MGR-FOOD SERVICE MANAGERS	18	752	1368.78782691717	0.549391209661528
COMPUTER AND INFORMATION SYSTEMS	MGR-GENERAL AND OPERATIONS MANAGERS	62	2338	3151.77727775503	0.741803685336969
COMPUTER AND INFORMATION SYSTEMS	MGR-HUMAN RESOURCES MANAGERS	31	870	1302.80210152898	0.667791369831962
COMPUTER AND INFORMATION SYSTEMS	MGR-MARKETING AND SALES MANAGERS	40	1396	3812.73598626931	0.366141270999978
COMPUTER AND INFORMATION SYSTEMS	MGR-MEDICAL AND HEALTH SERVICES MANAGERS	32	1188	2294.33781098767	0.517796461493431
COMPUTER AND INFORMATION SYSTEMS	MGR-MISCELLANEOUS MANAGERS, INCLUDING FUNERAL SERVICE	353	12200	11003.9926698648	1.10868848844389
COMPUTER AND INFORMATION SYSTEMS	MGR-PROPERTY, REAL ESTATE, AND COMMUNITY ASSOCIATION	17	596	1085.85459762454	0.548876434564841
COMPUTER AND INFORMATION SYSTEMS	MGR-SOCIAL AND COMMUNITY SERVICE MANAGERS	11	290	1359.37468626454	0.213333382569376
COMPUTER AND INFORMATION SYSTEMS	OFF-CUSTOMER SERVICE REPRESENTATIVES	85	3005	3133.82591076769	0.958891810063524
COMPUTER AND INFORMATION SYSTEMS	OFF-FIRST-LINE SUPERVISORS OF OFFICE AND ADMINISTRATIVE	88	2856	2744.38748673816	1.04066937114427
COMPUTER AND INFORMATION SYSTEMS	OFF-MISCELLANEOUS OFFICE AND ADMINISTRATIVE SUPPORT	19	692	1066.59085916032	0.648796109639247
COMPUTER AND INFORMATION SYSTEMS	OFF-OFFICE CLERKS, GENERAL	28	930	1231.87935963253	0.754944055785967
COMPUTER AND INFORMATION SYSTEMS	OFF-SECRETARIES AND ADMINISTRATIVE ASSISTANTS	68	2305	3772.9742552138	0.610923861146088
COMPUTER AND INFORMATION SYSTEMS	PRT-POLICE OFFICERS	22	852	1691.70151584479	0.503634945065668
COMPUTER AND INFORMATION SYSTEMS	SAL-FIRST-LINE SUPERVISORS OF NON-RETAIL SALES WORKERS	51	1868	2798.01504738572	0.66761613799945
COMPUTER AND INFORMATION SYSTEMS	SAL-FIRST-LINE SUPERVISORS OF RETAIL SALES WORKERS	91	3382	4643.09997959101	0.728392671892865
COMPUTER AND INFORMATION SYSTEMS	SAL-INSURANCE SALES AGENTS	16	426	1482.20640711264	0.287409363470405
COMPUTER AND INFORMATION SYSTEMS	SAL-REAL ESTATE BROKERS AND SALES AGENTS	21	571	1611.83433739459	0.354254768466453
COMPUTER AND INFORMATION SYSTEMS	SAL-RETAIL SALESPERSONS	51	1702	3519.53032547609	0.483587252446751
COMPUTER AND INFORMATION SYSTEMS	SAL-SALES REPRESENTATIVES, SERVICES, ALL OTHER	39	1528	1855.1776938013	0.823640778511675
COMPUTER AND INFORMATION SYSTEMS	SAL-SALES REPRESENTATIVES, WHOLESALE AND MANUFACTURING	38	1356	4170.27909636963	0.325158093418842
COMPUTER AND INFORMATION SYSTEMS	SAL-SECURITIES, COMMODITIES, AND FINANCIAL SERVICES SALES	9	377	1303.23955868794	0.289279125611833
COMPUTER SCIENCE	BUS-HUMAN RESOURCES WORKERS	65	2526	8277.99799423741	0.305146244509655
COMPUTER SCIENCE	BUS-MANAGEMENT ANALYSTS	436	17266	10085.8304062234	1.71190663580324
COMPUTER SCIENCE	BUS-MARKET RESEARCH ANALYSTS AND MARKETING SPECIALISTS	63	2130	4350.93965781942	0.489549423231372
COMPUTER SCIENCE	CMM-COMPUTER OCCUPATIONS, ALL OTHER	647	26312	3951.57954305125	6.65860315181279
COMPUTER SCIENCE	CMM-COMPUTER PROGRAMMERS	2628	93370	7355.58763608362	12.6937512839849
COMPUTER SCIENCE	CMM-COMPUTER SUPPORT SPECIALISTS	773	29447	5014.14795596144	5.87278242657155
COMPUTER SCIENCE	CMM-COMPUTER SYSTEMS ANALYSTS	1085	41412	7628.10858306671	5.42886870959448
COMPUTER SCIENCE	CMM-SOFTWARE DEVELOPERS, APPLICATIONS AND SYSTEMS SOFTWARE	5588	207121	18463.2812522061	11.2179951748963
COMPUTER SCIENCE	CMS-CLERGY	37	1049	5353.75376193383	0.195937289357344
COMPUTER SCIENCE	CMS-COUNSELORS	27	1235	10372.3929704786	0.119066063493255
COMPUTER SCIENCE	CMS-SOCIAL WORKERS	37	1273	13239.180143871	0.0961539903654326
COMPUTER SCIENCE	EDU-ELEMENTARY AND MIDDLE SCHOOL TEACHERS	188	6208	69441.579252926	0.0893988884870936
COMPUTER SCIENCE	EDU-OTHER TEACHERS AND INSTRUCTORS	56	2116	5684.22219196078	0.372258495277097
COMPUTER SCIENCE	EDU-POSTSECONDARY TEACHERS	337	11870	18902.3657217201	0.627963725533072
COMPUTER SCIENCE	EDU-PRESCHOOL AND KINDERGARTEN TEACHERS	5	177	4731.45716117467	0.0374091942440955
COMPUTER SCIENCE	EDU-SECONDARY SCHOOL TEACHERS	64	2438	15794.1350042777	0.154361096656429
COMPUTER SCIENCE	EDU-SPECIAL EDUCATION TEACHERS	8	242	4560.09264450288	0.053069097245585
COMPUTER SCIENCE	EDU-TEACHER ASSISTANTS	19	666	3553.04540576967	0.187444832232795
COMPUTER SCIENCE	ENG-CIVIL ENGINEERS	57	2325	5579.06493319879	0.416736501158976
COMPUTER SCIENCE	ENG-ELECTRICAL AND ELECTRONICS ENGINEERS	107	4140	4012.80512424502	1.03169724714178
COMPUTER SCIENCE	ENG-MECHANICAL ENGINEERS	27	832	3559.03374254748	0.233771315526914
COMPUTER SCIENCE	ENG-MISCELLANEOUS ENGINEERS, INCLUDING NUCLEAR ENGINEERS	235	8448	7817.41229827546	1.08066450606215
COMPUTER SCIENCE	ENT-DESIGNERS	87	3543	8475.32917814399	0.418036860342441
COMPUTER SCIENCE	FIN-ACCOUNTANTS AND AUDITORS	244	8944	17889.949629324	0.499945510485931
COMPUTER SCIENCE	FIN-CREDIT COUNSELORS AND LOAN OFFICERS	30	1078	3476.51342927745	0.31008078119924
COMPUTER SCIENCE	FIN-PERSONAL FINANCIAL ADVISORS	43	1599	5334.80790333509	0.299729630189754
COMPUTER SCIENCE	HLS-NURSING, PSYCHIATRIC, AND HOME HEALTH AIDES	20	762	3558.72400099	0.214121690748712
COMPUTER SCIENCE	LGL-LAWYERS, AND JUDGES, MAGISTRATES, AND OTHER JUDICIAL	91	3522	20005.7942084202	0.176048996771027
COMPUTER SCIENCE	MED-CLINICAL LABORATORY TECHNOLOGISTS AND TECHNICIANS	6	213	3579.70899150878	0.0595020434636572
COMPUTER SCIENCE	MED-PHARMACISTS	10	373	4772.98834167247	0.0781481062384702
COMPUTER SCIENCE	MED-PHYSICAL THERAPISTS	4	290	3651.64646823182	0.0794162311502247
COMPUTER SCIENCE	MED-PHYSICIANS AND SURGEONS	72	2284	16137.354461754	0.141534971262678
COMPUTER SCIENCE	MED-REGISTERED NURSES	54	2137	30759.1434827939	0.0694752765529833
COMPUTER SCIENCE	MGR-CHIEF EXECUTIVES AND LEGISLATORS	297	10614	12768.0116113621	0.831296236491103
COMPUTER SCIENCE	MGR-COMPUTER AND INFORMATION SYSTEMS MANAGERS	1422	51382	8723.19985951155	5.89026972068907
COMPUTER SCIENCE	MGR-CONSTRUCTION MANAGERS	37	1544	4752.98419941902	0.324848544665629
COMPUTER SCIENCE	MGR-EDUCATION ADMINISTRATORS	98	3543	13674.4960911025	0.259095470604237
COMPUTER SCIENCE	MGR-FINANCIAL MANAGERS	182	6041	12412.686421348	0.486679498292198
COMPUTER SCIENCE	MGR-FOOD SERVICE MANAGERS	55	2641	4522.79459862387	0.583931006020827
COMPUTER SCIENCE	MGR-GENERAL AND OPERATIONS MANAGERS	202	6963	10414.2080807375	0.668605807183654
COMPUTER SCIENCE	MGR-HUMAN RESOURCES MANAGERS	72	2624	4304.76235395953	0.609557458517179
COMPUTER SCIENCE	MGR-MARKETING AND SALES MANAGERS	133	4815	12598.1699906812	0.38219836718838
COMPUTER SCIENCE	MGR-MEDICAL AND HEALTH SERVICES MANAGERS	48	1683	7581.02786633086	0.22200155832095
COMPUTER SCIENCE	MGR-MISCELLANEOUS MANAGERS, INCLUDING FUNERAL SERVICE	1135	40304	36359.7612660335	1.10847812517546
COMPUTER SCIENCE	MGR-PROPERTY, REAL ESTATE, AND COMMUNITY ASSOCIATION	38	1753	3587.91714278181	0.488584303995619
COMPUTER SCIENCE	MGR-SOCIAL AND COMMUNITY SERVICE MANAGERS	29	1027	4491.69138389432	0.228644381865253
COMPUTER SCIENCE	OFF-CUSTOMER SERVICE REPRESENTATIVES	167	6535	10354.8925724814	0.631102636194126
COMPUTER SCIENCE	OFF-FIRST-LINE SUPERVISORS OF OFFICE AND ADMINISTRATIVE	160	5991	9068.09708375743	0.66066782751267
COMPUTER SCIENCE	OFF-MISCELLANEOUS OFFICE AND ADMINISTRATIVE SUPPORT	34	1220	3524.26525272116	0.346171446390992
COMPUTER SCIENCE	OFF-OFFICE CLERKS, GENERAL	47	1872	4070.41705393495	0.45990373349834
COMPUTER SCIENCE	OFF-SECRETARIES AND ADMINISTRATIVE ASSISTANTS	104	3504	12466.7879467199	0.281066784401506
COMPUTER SCIENCE	PRT-POLICE OFFICERS	29	1143	5589.77682872805	0.204480435448813
COMPUTER SCIENCE	SAL-FIRST-LINE SUPERVISORS OF NON-RETAIL SALES WORKERS	163	5499	9245.29506642829	0.594789020846732
COMPUTER SCIENCE	SAL-FIRST-LINE SUPERVISORS OF RETAIL SALES WORKERS	220	8428	15341.8865185711	0.54934573983441
COMPUTER SCIENCE	SAL-INSURANCE SALES AGENTS	34	1108	4897.55607136942	0.226235286304785
COMPUTER SCIENCE	SAL-REAL ESTATE BROKERS AND SALES AGENTS	50	1886	5325.87702176129	0.354120080560233
COMPUTER SCIENCE	SAL-RETAIL SALESPERSONS	159	7261	11629.3500224994	0.624368514659209
COMPUTER SCIENCE	SAL-SALES REPRESENTATIVES, SERVICES, ALL OTHER	97	3498	6129.94029316404	0.570641773444496
COMPUTER SCIENCE	SAL-SALES REPRESENTATIVES, WHOLESALE AND MANUFACTURING	123	4615	13779.5759144751	0.334915967562692
COMPUTER SCIENCE	SAL-SECURITIES, COMMODITIES, AND FINANCIAL SERVICES SALES	48	1598	4306.20781456107	0.37109216944814
GENERAL EDUCATION	BUS-HUMAN RESOURCES WORKERS	133	4795	10677.1047552953	0.449091781891708
GENERAL EDUCATION	BUS-MANAGEMENT ANALYSTS	82	2923	13008.8782174573	0.224692702256023
GENERAL EDUCATION	BUS-MARKET RESEARCH ANALYSTS AND MARKETING SPECIALISTS	24	936	5611.91710155593	0.166787923460325
GENERAL EDUCATION	CMM-COMPUTER OCCUPATIONS, ALL OTHER	31	1393	5096.8155294808	0.27330790999648
GENERAL EDUCATION	CMM-COMPUTER PROGRAMMERS	29	933	9487.36394740511	0.0983413311824287
GENERAL EDUCATION	CMM-COMPUTER SUPPORT SPECIALISTS	52	1865	6467.33461660884	0.28837227552916
GENERAL EDUCATION	CMM-COMPUTER SYSTEMS ANALYSTS	43	1708	9838.86617064511	0.173597238785088
GENERAL EDUCATION	CMM-SOFTWARE DEVELOPERS, APPLICATIONS AND SYSTEMS SOFTWARE	44	1426	23814.2589782597	0.0598800912218941
GENERAL EDUCATION	CMS-CLERGY	143	4572	6905.36404937723	0.662093984807699
GENERAL EDUCATION	CMS-COUNSELORS	497	18929	13378.4915611219	1.41488297940913
GENERAL EDUCATION	CMS-SOCIAL WORKERS	221	8908	17076.1231603027	0.521664075409615
GENERAL EDUCATION	EDU-ELEMENTARY AND MIDDLE SCHOOL TEACHERS	12724	485691	89566.9480196503	5.42265881263971
GENERAL EDUCATION	EDU-OTHER TEACHERS AND INSTRUCTORS	406	16097	7331.60793686935	2.19556202931298
GENERAL EDUCATION	EDU-POSTSECONDARY TEACHERS	597	22930	24380.5977090359	0.940501962817002
GENERAL EDUCATION	EDU-PRESCHOOL AND KINDERGARTEN TEACHERS	658	32236	6102.71514806134	5.28223900639381
GENERAL EDUCATION	EDU-SECONDARY SCHOOL TEACHERS	2044	85244	20371.5480575548	4.18446353508157
GENERAL EDUCATION	EDU-SPECIAL EDUCATION TEACHERS	650	27726	5881.68623537993	4.71395427950927
GENERAL EDUCATION	EDU-TEACHER ASSISTANTS	278	11356	4582.77931743063	2.47797225513508
GENERAL EDUCATION	ENG-CIVIL ENGINEERS	9	324	7195.97428868979	0.0450251747715725
GENERAL EDUCATION	ENG-ELECTRICAL AND ELECTRONICS ENGINEERS	8	236	5175.78534133203	0.0455969450887744
GENERAL EDUCATION	ENG-MECHANICAL ENGINEERS	5	131	4590.5031776117	0.0285371766299823
GENERAL EDUCATION	ENG-MISCELLANEOUS ENGINEERS, INCLUDING NUCLEAR ENGINEERS	22	528	10083.0333713689	0.0523651941388264
GENERAL EDUCATION	ENT-DESIGNERS	52	2141	10931.6259237619	0.19585375633337
GENERAL EDUCATION	FIN-ACCOUNTANTS AND AUDITORS	187	7013	23074.7659509243	0.303925076202954
GENERAL EDUCATION	FIN-CREDIT COUNSELORS AND LOAN OFFICERS	36	1218	4484.0670526166	0.271628409144609
GENERAL EDUCATION	FIN-PERSONAL FINANCIAL ADVISORS	42	1186	6880.92735380438	0.172360488494952
GENERAL EDUCATION	HLS-NURSING, PSYCHIATRIC, AND HOME HEALTH AIDES	117	5073	4590.10366760233	1.1052037965517
GENERAL EDUCATION	LGL-LAWYERS, AND JUDGES, MAGISTRATES, AND OTHER JUDICIAL	102	3794	25803.8188248994	0.147032500334368
GENERAL EDUCATION	MED-CLINICAL LABORATORY TECHNOLOGISTS AND TECHNICIANS	23	988	4617.17047073684	0.213983868748586
GENERAL EDUCATION	MED-PHARMACISTS	17	643	6156.28278181709	0.104446144335529
GENERAL EDUCATION	MED-PHYSICAL THERAPISTS	35	1020	4709.95667041196	0.216562501818257
GENERAL EDUCATION	MED-PHYSICIANS AND SURGEONS	63	3103	20814.2384404325	0.149080640585548
GENERAL EDUCATION	MED-REGISTERED NURSES	203	7444	39673.67440504	0.187630717639159
GENERAL EDUCATION	MGR-CHIEF EXECUTIVES AND LEGISLATORS	230	8012	16468.4018510563	0.486507438454697
GENERAL EDUCATION	MGR-COMPUTER AND INFORMATION SYSTEMS MANAGERS	54	2193	11251.3338087565	0.194910224625392
GENERAL EDUCATION	MGR-CONSTRUCTION MANAGERS	31	1112	6130.48109371224	0.181388700658506
GENERAL EDUCATION	MGR-EDUCATION ADMINISTRATORS	1584	59512	17637.601185965	3.37415498698068
GENERAL EDUCATION	MGR-FINANCIAL MANAGERS	110	4312	16010.0972853126	0.269330031114536
GENERAL EDUCATION	MGR-FOOD SERVICE MANAGERS	78	2679	5833.57857175218	0.459237836098149
GENERAL EDUCATION	MGR-GENERAL AND OPERATIONS MANAGERS	120	5094	13432.4254123862	0.379231586523664
GENERAL EDUCATION	MGR-HUMAN RESOURCES MANAGERS	67	2298	5552.35681765971	0.413878299876375
GENERAL EDUCATION	MGR-MARKETING AND SALES MANAGERS	118	4359	16249.3371959209	0.268257095501362
GENERAL EDUCATION	MGR-MEDICAL AND HEALTH SERVICES MANAGERS	106	3863	9778.14064922157	0.395064883864964
GENERAL EDUCATION	MGR-MISCELLANEOUS MANAGERS, INCLUDING FUNERAL SERVICE	396	16290	46897.4479318814	0.347353656080843
GENERAL EDUCATION	MGR-PROPERTY, REAL ESTATE, AND COMMUNITY ASSOCIATION	53	2271	4627.75748598502	0.490734444680308
GENERAL EDUCATION	MGR-SOCIAL AND COMMUNITY SERVICE MANAGERS	103	3492	5793.46110831173	0.602748501235318
GENERAL EDUCATION	OFF-CUSTOMER SERVICE REPRESENTATIVES	149	5781	13355.9192455927	0.432841790497322
GENERAL EDUCATION	OFF-FIRST-LINE SUPERVISORS OF OFFICE AND ADMINISTRATIVE	151	4732	11696.1882041849	0.404576253168266
GENERAL EDUCATION	OFF-MISCELLANEOUS OFFICE AND ADMINISTRATIVE SUPPORT	79	3226	4545.65817906043	0.709688206398925
GENERAL EDUCATION	OFF-OFFICE CLERKS, GENERAL	116	4485	5250.09420307399	0.854270385734027
GENERAL EDUCATION	OFF-SECRETARIES AND ADMINISTRATIVE ASSISTANTS	344	12715	16079.8783669484	0.790739812195046
GENERAL EDUCATION	PRT-POLICE OFFICERS	62	2795	7209.79067651368	0.387667288192552
GENERAL EDUCATION	SAL-FIRST-LINE SUPERVISORS OF NON-RETAIL SALES WORKERS	104	3453	11924.7412220427	0.289566032143086
GENERAL EDUCATION	SAL-FIRST-LINE SUPERVISORS OF RETAIL SALES WORKERS	233	9223	19788.2301513805	0.466085138966132
GENERAL EDUCATION	SAL-INSURANCE SALES AGENTS	72	2450	6316.95239058354	0.38784525329843
GENERAL EDUCATION	SAL-REAL ESTATE BROKERS AND SALES AGENTS	122	5089	6869.40814853435	0.74082073592989
GENERAL EDUCATION	SAL-RETAIL SALESPERSONS	248	9930	14999.7364716275	0.662011630589839
GENERAL EDUCATION	SAL-SALES REPRESENTATIVES, SERVICES, ALL OTHER	69	2543	7906.50284034617	0.321633982982122
GENERAL EDUCATION	SAL-SALES REPRESENTATIVES, WHOLESALE AND MANUFACTURING	171	6459	17773.1349566422	0.363413658634609
GENERAL EDUCATION	SAL-SECURITIES, COMMODITIES, AND FINANCIAL SERVICES SALES	34	1509	5554.22119770341	0.271685254563493
ELEMENTARY EDUCATION	BUS-HUMAN RESOURCES WORKERS	102	3373	10236.5850215474	0.329504418993251
ELEMENTARY EDUCATION	BUS-MANAGEMENT ANALYSTS	59	1661	12472.1533561722	0.133176681890141
ELEMENTARY EDUCATION	BUS-MARKET RESEARCH ANALYSTS AND MARKETING SPECIALISTS	18	582	5380.37865700087	0.108170825345668
ELEMENTARY EDUCATION	CMM-COMPUTER OCCUPATIONS, ALL OTHER	17	629	4886.52932629493	0.128721216634327
ELEMENTARY EDUCATION	CMM-COMPUTER PROGRAMMERS	17	515	9095.93095729538	0.0566187235169089
ELEMENTARY EDUCATION	CMM-COMPUTER SUPPORT SPECIALISTS	41	1400	6200.50305611919	0.225788131596574
ELEMENTARY EDUCATION	CMM-COMPUTER SYSTEMS ANALYSTS	21	753	9432.93077849454	0.0798267280532483
ELEMENTARY EDUCATION	CMM-SOFTWARE DEVELOPERS, APPLICATIONS AND SYSTEMS SOFTWARE	23	736	22831.7219267895	0.0322358516085647
ELEMENTARY EDUCATION	CMS-CLERGY	103	2648	6620.46011688045	0.399972200307995
ELEMENTARY EDUCATION	CMS-COUNSELORS	500	14917	12826.5170628357	1.16298133990103
ELEMENTARY EDUCATION	CMS-SOCIAL WORKERS	200	6008	16371.5904802902	0.366977173490447
ELEMENTARY EDUCATION	EDU-ELEMENTARY AND MIDDLE SCHOOL TEACHERS	23386	665237	85871.5634562782	7.74688352260766
ELEMENTARY EDUCATION	EDU-OTHER TEACHERS AND INSTRUCTORS	387	11548	7029.11788452706	1.64288039974692
ELEMENTARY EDUCATION	EDU-POSTSECONDARY TEACHERS	406	12495	23374.6944555278	0.534552441905613
ELEMENTARY EDUCATION	EDU-PRESCHOOL AND KINDERGARTEN TEACHERS	1216	37904	5850.92718552124	6.47828947415336
ELEMENTARY EDUCATION	EDU-SECONDARY SCHOOL TEACHERS	792	23335	19531.0515810268	1.19476413767032
ELEMENTARY EDUCATION	EDU-SPECIAL EDUCATION TEACHERS	800	24380	5639.01756126085	4.32344814236556
ELEMENTARY EDUCATION	EDU-TEACHER ASSISTANTS	478	15584	4393.70140061629	3.54689556231884
ELEMENTARY EDUCATION	ENG-CIVIL ENGINEERS	2	29	6899.08025698724	0.00420345885534951
ELEMENTARY EDUCATION	ENG-ELECTRICAL AND ELECTRONICS ENGINEERS	2	61	4962.24097394452	0.0122928330809196
ELEMENTARY EDUCATION	ENG-MECHANICAL ENGINEERS	2	38	4401.10658706431	0.0086341921624187
ELEMENTARY EDUCATION	ENG-MISCELLANEOUS ENGINEERS, INCLUDING NUCLEAR ENGINEERS	4	179	9667.0240431919	0.0185165568224755
ELEMENTARY EDUCATION	ENT-DESIGNERS	35	1095	10480.605066354	0.104478700711211
ELEMENTARY EDUCATION	FIN-ACCOUNTANTS AND AUDITORS	172	5525	22122.7391622058	0.249743034056056
ELEMENTARY EDUCATION	FIN-CREDIT COUNSELORS AND LOAN OFFICERS	33	1071	4299.0618410543	0.249124120470281
ELEMENTARY EDUCATION	FIN-PERSONAL FINANCIAL ADVISORS	19	773	6597.03163906645	0.117173911281921
ELEMENTARY EDUCATION	HLS-NURSING, PSYCHIATRIC, AND HOME HEALTH AIDES	77	2305	4400.72356017907	0.523777503512674
ELEMENTARY EDUCATION	LGL-LAWYERS, AND JUDGES, MAGISTRATES, AND OTHER JUDICIAL	50	1414	24739.195815297	0.0571562637103054
ELEMENTARY EDUCATION	MED-CLINICAL LABORATORY TECHNOLOGISTS AND TECHNICIANS	19	560	4426.67363165425	0.126505825050113
ELEMENTARY EDUCATION	MED-PHARMACISTS	6	133	5902.28470705083	0.0225336469860763
ELEMENTARY EDUCATION	MED-PHYSICAL THERAPISTS	11	250	4515.63162575181	0.0553632405651286
ELEMENTARY EDUCATION	MED-PHYSICIANS AND SURGEONS	34	1246	19955.4772887826	0.0624389976731052
ELEMENTARY EDUCATION	MED-REGISTERED NURSES	163	5104	38036.8040280738	0.13418582687002
ELEMENTARY EDUCATION	MGR-CHIEF EXECUTIVES AND LEGISLATORS	104	2979	15788.9427500222	0.188676344399046
ELEMENTARY EDUCATION	MGR-COMPUTER AND INFORMATION SYSTEMS MANAGERS	39	947	10787.1223312693	0.0877898637762617
ELEMENTARY EDUCATION	MGR-CONSTRUCTION MANAGERS	13	417	5877.54755404559	0.0709479585091529
ELEMENTARY EDUCATION	MGR-EDUCATION ADMINISTRATORS	1682	48714	16909.9028485913	2.88079715396224
ELEMENTARY EDUCATION	MGR-FINANCIAL MANAGERS	93	3109	15349.5470748349	0.202546693061525
ELEMENTARY EDUCATION	MGR-FOOD SERVICE MANAGERS	64	2061	5592.89474049623	0.368503269885808
ELEMENTARY EDUCATION	MGR-GENERAL AND OPERATIONS MANAGERS	61	1901	12878.2256923434	0.147613502466432
ELEMENTARY EDUCATION	MGR-HUMAN RESOURCES MANAGERS	59	1953	5323.27573219264	0.366879361177777
ELEMENTARY EDUCATION	MGR-MARKETING AND SALES MANAGERS	66	2140	15578.9163412809	0.137365138442232
ELEMENTARY EDUCATION	MGR-MEDICAL AND HEALTH SERVICES MANAGERS	66	1823	9374.71069193769	0.19445933425634
ELEMENTARY EDUCATION	MGR-MISCELLANEOUS MANAGERS, INCLUDING FUNERAL SERVICE	256	7924	44962.5365724925	0.176235608665544
ELEMENTARY EDUCATION	MGR-PROPERTY, REAL ESTATE, AND COMMUNITY ASSOCIATION	38	1068	4436.82384411317	0.240712734497457
ELEMENTARY EDUCATION	MGR-SOCIAL AND COMMUNITY SERVICE MANAGERS	77	2006	5554.43245743647	0.361153009847891
ELEMENTARY EDUCATION	OFF-CUSTOMER SERVICE REPRESENTATIVES	177	6184	12804.8760438195	0.482941027998849
ELEMENTARY EDUCATION	OFF-FIRST-LINE SUPERVISORS OF OFFICE AND ADMINISTRATIVE	135	4316	11213.6227679868	0.384888995224768
ELEMENTARY EDUCATION	OFF-MISCELLANEOUS OFFICE AND ADMINISTRATIVE SUPPORT	64	1771	4358.11181919584	0.406368646210364
ELEMENTARY EDUCATION	OFF-OFFICE CLERKS, GENERAL	105	3485	5033.48397459962	0.692363384404578
ELEMENTARY EDUCATION	OFF-SECRETARIES AND ADMINISTRATIVE ASSISTANTS	448	12419	15416.4491041239	0.805568125067006
ELEMENTARY EDUCATION	PRT-POLICE OFFICERS	26	853	6912.32660343521	0.123402733831484
ELEMENTARY EDUCATION	SAL-FIRST-LINE SUPERVISORS OF NON-RETAIL SALES WORKERS	74	2192	11432.7460652525	0.191729964742428
ELEMENTARY EDUCATION	SAL-FIRST-LINE SUPERVISORS OF RETAIL SALES WORKERS	194	6644	18971.8004096657	0.350203979408039
ELEMENTARY EDUCATION	SAL-INSURANCE SALES AGENTS	60	1641	6056.32535273251	0.270956381043764
ELEMENTARY EDUCATION	SAL-REAL ESTATE BROKERS AND SALES AGENTS	70	2291	6585.98769720863	0.347859744859682
ELEMENTARY EDUCATION	SAL-RETAIL SALESPERSONS	167	5440	14380.8720820567	0.378280257898101
ELEMENTARY EDUCATION	SAL-SALES REPRESENTATIVES, SERVICES, ALL OTHER	44	1385	7580.29357239096	0.182710601742981
ELEMENTARY EDUCATION	SAL-SALES REPRESENTATIVES, WHOLESALE AND MANUFACTURING	75	2440	17039.8447194099	0.14319379314652
ELEMENTARY EDUCATION	SAL-SECURITIES, COMMODITIES, AND FINANCIAL SERVICES SALES	12	333	5325.06319099044	0.0625344691802734
